Objektnummer;Navn;UTMSone;UTMEast;UTMNorth
1;Seljeli dolomittbrudd;33;436057;7333905
2;Reinshaugen - LNS;33;527249;7648999
6;Hammerfall dolomittgruve;33;523082;7475202
8;Rekøya;33;477958;7565659
10;Øyjord Kalkbrudd;33;458151;7359422
11;Løgavlen marmorbrudd (Norwegian Rose);33;516459;7463301
12;Skysselvik grustak;33;518135;7458639
13;Gusdal olivinbrudd - Åheim;33;8578;6912103
14;Jordalsnuten underjordsgruve;33;51311;6774098
15;Fiveland massetak - Møen;33;70205;6732564
16;Måge;33;32997;6704161
17;Kvernuri steinbrot (Sandvenura);33;17942;6716818
18;Haugesundgangen;33;-51873;6659989
19;Røyneberg masseuttak;33;-36218;6566304
21;Nordmarka steinbrudd - Tau;33;-18525;6584920
23;Tjentland Øvre/Nedre;33;-4088;6589878
26;Helland grustak;33;-18725;6547869
29;Berakvam - Norsk Stein;33;-7190;6615757
31;Sæterfjellet skiferbrudd;33;218891;6937415
32;Klevan - skiferbrudd;33;220484;6936141
33;Myrenget massetak;33;224835;6947981
35;Bingsa steinbrudd;33;57564;6957625
37;Stjernøy;33;785315;7814239
38;Kylles steinbrudd;33;-28851;6559325
39;Litle Randås - Randåsen øst;33;-10747;6597733
41;Fossanmoen grustak;33;-9724;6561834
43;Drange masseuttak;33;45;6513568
44;Edelsplitt - Innstifjellet.;33;-28103;6520321
45;Hellviksplitt - Rudlå;33;-28764;6519962
46;Titania - Tellnes;33;-1703;6498496
47;Espevik steinbrudd;33;-29971;6615449
48;Hillesland - Karmøy Naturstein;33;-54882;6600515
50;Rekefjord Øst;33;-10729;6498056
53;Sævarbrotet;33;18779;6717123
55;Dimmelsvik;33;-4190;6679799
56;Austrheim;33;-7188;6648742
57;Sørheim;33;-7442;6648823
58;NorStone - Mjølkeviksvarden;33;-47678;6754382
63;Leirpollen kvartsbrudd;33;999902;7874174
68;Hobøl pukkverk - Gausland vestre;33;271511;6614775
74;Moss Pukkverk;33;257858;6598050
76;Hekkelstrand;33;575075;7588152
80;Vestringsbygde Aust;33;194778;6768136
81;Lunner pukkverk;33;256877;6690528
85;Flaten massetak (Brennum/Skogstad);33;239084;6793877
91;Hadeland pukkverk;33;263596;6676233
92;Akselberg;33;383874;7255049
96;Forsetseterlia kalksteinsbrudd (før Forset - Gausdal Kalkverk);33;235958;6794489
99;Hole Kalkverk - Franzefoss Kalk AS;33;262185;6733080
102;Icopal AS, Skiferbruddet Rogne;33;185725;6785983
105;Ullsfjord grustak (Fornes);33;690384;7728406
106;Hjellnes grustak - Ullsfjorden;33;684114;7729062
107;Renså;33;578175;7621119
113;Gullkista;33;513297;7608867
114;Møretrømoen sandtak;33;118069;6485528
117;Vegarheim Pukkverk;33;141067;6521214
119;Midtskogen Steinbrudd;33;308951;6754525
120;Furuberget - Steens Kalkverk;33;283041;6748783
121;Spigsetberget massetak - Odal Grus;33;314876;6683237
122;Langbakken grustak og steinbrudd;33;309841;6784522
123;Nedre Brenna Sandtak;33;311088;6787573
125;Hovda Grustak;33;303068;6791387
128;Vedvikmona;33;33433;6896925
129;Halbrenstlia - Reset (Steinbrotet);33;11566;6846509
131;Lindane steinbrudd;33;37071;6806117
132;Sløvåg;33;-37591;6787026
133;Hyllestad Pukk - Lifjorden (Sognnes Steinbrot);33;-26063;6817958
135;Brimmen Quarry - Magnhildsengja;33;-50018;6840035
137;Bjordal;33;6558;6804628
140;Hannabekken;33;353459;7153975
141;Råbakken grusuttak;33;341907;7151918
142;Sjåenget Steinuttak;33;340277;7154874
144;Hestvika - Norkalsitt AS;33;344088;7191076
146;Storbjørkåsen (Øren) massetak;33;339243;7196532
148;Myrmo;33;409285;7193306
149;Dalbekken;33;448824;7102130
151;Fossberga Pukkverk;33;297738;7036272
152;Snøskavltjønn - Snåsaskifer AS;33;390393;7118765
153;Ravneberget pukkverk;33;159234;6527475
155;Fannemel sand- og grusuttak;33;58480;6902078
157;Håkestad (Krukåsen);33;220743;6559989
158;Noem kalkbrudd;33;344087;7119603
159;Bergan;33;224718;6556282
160;Følling kalkbrudd;33;330752;7112146
161;Kolo AS avd. Nord - Stakskaret;33;324935;7202549
163;Høilo Kalksteinsbrudd;33;329114;7074384
164;Aak-feltet;33;204319;6555111
165;Verdalskalk AS - Tromsdalen;33;334771;7071026
167;Løkrååsen;33;377700;7197226
169;Storvassberget Skiferbrudd  (Hellberget);33;216834;6888126
174;Dalen Gruve;33;195386;6559492
175;Håkestad;33;219736;6559172
177;Fjærekilen Sandtak;33;188686;6573406
179;Vevja;33;204700;6555872
182;Finland Steinbrot;33;85642;6644536
185;Litangen - Bøleråsen;33;171330;6537147
187;Valberg;33;178558;6540571
188;Vardåstoppen;33;205058;6555551
190;Vevjeåsen Nord;33;205533;6556974
191;Oterrønningen - Regnpiggåsen;33;207013;6555485
195;Bjørndalen;33;205531;6556032
198;Snekkevik Kvartsbrudd;33;171386;6538793
200;Hønerudåsen - Hokksund Pukkverk;33;209920;6640553
203;Vardåsen Syd;33;204850;6555689
205;Franzefoss Kalk AS - Burudåsen;33;239703;6675257
208;Burud pukkverk;33;213088;6642009
211;Høgåsen steinbrudd (Jogra steinbrudd);33;238592;6630409
212;Malerød;33;210121;6560290
215;Stålaker;33;219718;6558359
217;Klåstad brudd;33;223314;6557243
219;Hedrum Pukkverk - Landhjem;33;216813;6561556
221;Himberg Pukkverk;33;232401;6585065
225;Hanekleiva;33;227271;6613849
227;Juve;33;240454;6620257
231;Bondkall pukkverk (Bånkall);33;272445;6656443
232;Langnes Marmorbrudd;33;112881;6997648
233;Nåsfjellet;33;112254;6997259
234;Glærum Kalksteinsgruve AS;33;176155;7000797
236;Visnes - Dalateigen og Blåberget;33;114007;7003056
237;Årødalen massetak;33;107454;6984782
239;Skarsberg pukkverk / Olberg steinbrudd;33;214456;6642238
243;Brattås sementvare;33;204760;7003942
246;Sætrefjellet steinbrudd;33;-17395;6889548
248;Bruland sandtak;33;16381;6844985
252;Kyrkjeteigen - Valeberg;33;79801;6811371
254;Ersland steinbrudd;33;-46314;6666970
255;Eikefet;33;-14227;6766856
256;Nordheim skiferbrudd;33;37044;6756685
257;Fet Gropa;33;304555;6635855
258;Folbergåsen massetak - Nes Pukkverk;33;306920;6674338
259;Vinterbro Pukkverk;33;263154;6630426
260;Steinskogen Pukkverk;33;250579;6653006
261;Vestby Pukkverk;33;261071;6612865
262;Fjuk Skog massetak;33;298510;6654933
263;Tangen Pukkverk;33;283022;6690756
264;Beinskinnfjellet steinbrudd;33;-32704;6521412
265;Gravdal Maskin - Vikesdalsmoen;33;-13440;6534135
266;Bjønndalen Bruk;33;272318;6658908
267;Feiringåsen;33;274746;6647774
271;Mårnes kvartsittbrudd;33;461440;7448224
273;Håkonhals;33;528078;7545004
275;Ørtfjell gruve;33;487279;7366787
276;Austpollen sandtak;33;525673;7612089
277;Kjøpsvik kalksteinsbrudd;33;558294;7556078
278;Sørnesodden - Rombak pukkverk;33;611275;7594179
281;Lødingen pukkverk - Anfinnslett;33;517851;7581261
282;Øyvolden kvartsgruve - Drag;33;544864;7545692
283;Austvika - Helgeland Pukkverk;33;420470;7341992
291;Vassfjell Pukkverk;33;268613;7029178
292;Veset fjelltak;33;416668;7310081
293;Forsmolia steinbrudd;33;420562;7308149
294;Lia Pukkverk;33;272638;7034080
297;Skeislia steinbrudd;33;252256;7053287
298;Overskott steinbrudd;33;247889;7053700
299;Torgård (Torgårdsletta);33;268023;7030300
300;Gisna - Flatmoen Statskog;33;241507;6960569
303;Skamferseter massetak;33;246055;6971846
304;Nord-Fosen Pukkverk;33;282801;7142405
305;Skjøla pukkverk;33;269272;7029501
306;Ottersbo Pukkverk;33;242773;7075109
311;Myrasaga massetak;33;249006;7007008
312;Mereftasåsen steinbrudd;33;260813;7017451
314;Urstadberget steintak;33;377093;7159420
315;Selvågdalen (Henda steinbrudd / Hendvågen);33;120170;7012234
316;Balhald Steinbrudd;33;326790;7073720
317;Damåsen massetak;33;203076;6627099
318;Lierskogen Pukkverk;33;236198;6640174
319;Renningsåsen;33;216687;6644578
321;Massetak Synshagen;33;156966;6794841
323;Aursand masseuttak;33;275884;7077798
326;Volgavlen grustak (Wohlen);33;335762;7076065
327;Sandtakområdet Verket;33;242475;6617312
330;Reitan steinbrudd;33;314772;6969104
332;Grønelihøvda;33;170342;6774785
334;Hellvik (Krokavatnet) steinbrudd;33;-32047;6520047
335;Ekle;33;271454;7034188
336;Skyggestein Sandtak - Geiteryggen;33;189868;6572364
337;Breimo grustak gbnr 30/2;33;389368;7318411
338;Lauvåsen, steinbrudd;33;295823;7037460
339;Leivset uttak;33;515995;7456019
340;Vollalia skiferbrudd;33;220508;6938354
341;Dirdal (Stølsdalen dagbrudd);33;-10886;6556107
342;Breding grustak;33;338723;7076402
344;Skallist steinindustriområde, Liafjellet;33;223082;6558129
345;Myhre grustak - Moflata, Fåvang;33;243303;6822523
347;Brannlia;33;285658;7039089
348;Dalen Dagbrudd;33;195346;6559226
349;Bjørntvedt Dagbrudd;33;195664;6566115
350;Bjørkemoen grustak;33;37005;6751910
352;Syljulibakken / Syljuliåsen;33;272389;6726100
353;Ryntveit massetak;33;174624;6597660
355;Hello pukkverk;33;328665;7073406
357;Ramnflauget massetak;33;515747;7624864
358;Toset blokksteinbrudd;33;244605;6969180
363;Kankerud fjelltak;33;238903;6805109
364;Kalkberget, Gåsvatn;33;219759;7014005
366;Stokke pukkverk;33;229029;6574900
367;Ytrehorn;33;55283;6900195
373;Kobbvågen (Hellneset);33;481382;7625458
376;Vang grustak (Bjørgedalen);33;288943;6753853
377;Halsan steinbrudd (før: Langåsdammen steinbrudd);33;318119;7069834
378;Husøy Pukkverk;33;135319;7016025
386;Alta skiferbrudd - Pæska - Storhalla - Langvann - Stilla - Detsika;33;818206;7770390
387;Løland massetak;33;-4906;6561694
388;Kolås masseuttak;33;105398;6634150
389;Breivik Kalkverk;33;11930;6930988
390;Vassendemona;33;40144;6877414
391;Teplingan grustak;33;374531;7205666
392;Furukollen - Støren Prestegårdsskog;33;260918;7000588
393;Furuhaugen;33;269912;7023886
394;Nesodden pukkverk;33;254834;6634834
395;Stormoa (Skyggelia);33;596347;7588273
397;Salomonhullet steintak;33;366953;7179324
399;Masseuttak på Naustdalstranda 1;33;19834;6898945
400;Vammerlia skiferbrudd;33;220185;6939964
402;Reed masseuttak;33;45178;6876429
406;Valum steinbrudd og deponi;33;308366;7069991
414;Fuglastein (Jelsa);33;-3403;6612155
415;Hottran steinbrudd;33;309158;7069447
416;Bjørndalen Pukkverk;33;188808;6581435
417;Wold massetak - Simadalen;33;69684;6732449
418;Hynne massetak;33;314798;7067004
419;Rustmoen 2 - Rustmoen;33;221087;6839389
421;Vian steinbrudd;33;443234;7563780
423;Brandtsegg steinuttak (Lauvåsen);33;339989;7099079
425;Brensmork massetak;33;289200;6692708
426;Tveit sandtak;33;-24290;6556057
428;Starmoen sandtak;33;320484;6751117
429;Evjen granittbrudd;33;473887;7441467
430;Leirfall, Vinne;33;329182;7075430
432;Hartmann Industriområde;33;308009;6706899
434;Hol Pukkverk;33;136855;6733767
444;Jordfallet grustak;33;817837;7780396
445;Jordfallet/Raipas steinuttak;33;818163;7779482
446;Holmen østre;33;816961;7781270
450;Høgåsen massetak;33;350038;6807996
462;Tjeldgrunnen - Liigajohka;33;892729;7829069
478;Hallonenåsen grustak;33;1072940;7797918
480;Nordre Fuglsjøen;33;353445;6804834
482;Gunnbjørndokk;33;175323;6735375
484;Sætredal masseuttak;33;43449;6964167
485;Skarland grustak;33;374164;7169813
486;Kopseng pukkverk (Kaugerud pukkverk);33;189247;6686251
488;Sandbumoen grustak;33;212313;6855237
490;Steinsvik Olivine (Raudehamaren);33;20457;6906630
492;Svanvik kvartsforekomst;33;1082959;7778730
493;Ytterelva massetak;33;282566;7067964
494;Amsrud Nordre;33;261721;6745619
497;Kvelstad;33;336858;7075535
498;Hestvikholmane / Kristvika (Mulig duplikat med 2288);33;129523;7012650
500;Torsteinfjellet steinbrudd Sviland;33;-28728;6558713
503;Kleiva massetak - Reipå;33;440854;7420897
505;Ryghkollen massetak syd (Stryken grustak);33;222400;6634298
507;Bjørklihaugen;33;229321;7022892
508;Holen massetak;33;55309;6926237
509;Håen steinbrudd;33;766616;7834816
510;Lillehammer pukkverk  (Dalhøgda pukkverk);33;262998;6780848
511;Åndalen Pukkverk;33;258715;6743124
512;Slangen grustak (Samsgarden / Snubbmoen);33;199538;6828624
513;Søreide massetak;33;38629;6877848
514;Bergneset steinbrudd;33;672326;7686690
525;Kilemoen grustak;33;236128;6683602
527;Brennemoen grustak / Monaryggen vest gbnr. 50/7, 15/1, 15/2, 15/3;33;290257;6610041
530;Ruste (Brynsmoen (Rustmoen 1));33;220874;6839327
533;Strømmen fjelltak;33;272776;6904982
534;Vika i Misvær;33;499063;7444508
537;Torperåsen pukkverk;33;294609;6610255
540;Mossing nedre steinbrudd;33;308686;7058754
549;Steinsrud steinbrudd (Hovin);33;164408;6649562
550;Myrmo steintak;33;348674;7151695
552;Skjeggestad massetak;33;670137;7660019
554;Grauo steinbrot;33;36403;6754253
556;Heigre løsteinsbrudd - Jutlandveien;33;-40293;6559662
561;Akslevolden steinbrudd;33;230101;6835241
562;Rønningen;33;205208;6555389
564;Osan i Svolvær;33;480740;7568245
565;Kongsligruva (Lomoen næringsområde);33;220282;6840017
571;Tangenmoen pukkverk;33;317104;6639013
574;Viken massetak / Vik;33;224669;6951153
577;Grundset grustak;33;310739;6759940
578;Skedsmo pukkverk, Vardeåsen;33;279579;6660485
582;Kjernmoen;33;338153;6776923
588;Skarven (Raudhaugen) steinbrudd - Dalåstigen;33;234336;6836497
589;Roverudmyra;33;257870;6779286
594;Skårhaug masseuttak;33;25575;6897907
596;Digerneset - Klubben;33;34903;6928870
598;Veikledalen grustak og Jora kraftverk;33;219583;6851389
599;Kleivberga fjelluttak;33;243642;6825838
601;Karihaugen steinbrudd;33;514907;7622477
602;Akersmyr industriområde;33;35735;6472878
605;Søberg sandtak, Gravråksmoen;33;263657;7022166
606;Valsneset;33;236532;7088076
607;Onsøy pukkverk;33;262375;6574674
608;Melkefoss grustak;33;1075492;7769117
611;Vestsiden pukkverk;33;234871;6683146
612;Sagfloten (Sagefloten);33;44919;6876574
614;Hogstad grustak;33;-26141;6564351
617;Trælen grafittgruve;33;591106;7705385
621;Seljestokken steinbrudd;33;-29063;6878578
622;Handeland massetak;33;28817;6554698
630;Revåfoten;33;218923;6799644
633;Frang gård masseuttak;33;288366;6735190
639;Kvålsgrend pukk;33;119256;6616744
640;Gevelt grustak - Ryghkollen;33;222059;6634091
641;Hådalen grustak;33;319153;6937013
642;Gausland massetak (Jærbetong);33;-38202;6541569
644;Sørlie masseuttak;33;202152;6864668
645;Ransverk;33;188476;6858258
648;Nedre Tho masseuttak;33;210407;6860972
653;Fundli;33;115044;6636421
655;Nausteregga grustak;33;292274;6898514
656;Malme;33;104980;6987207
660;Moi steinbrudd;33;-26954;6536586
661;Straumen massetak;33;168342;6683645
663;Sandanger steinbrot;33;-10108;6597526
666;Moen massetak - del av 233/1 og 6/1;33;233700;6954954
668;Sliper steinbrudd;33;204875;6952110
669;Hanset grustak;33;139392;6972493
670;Bergersjøen Sør massetak;33;326458;6764181
671;Bergan grustak;33;315237;6956118
676;Brenngammen grustak;33;1050433;7829691
678;Gøysamyra / Bergekrossen massetak;33;-11268;6562985
679;Slyngjemyra industriområde;33;368434;7247791
681;Skoppum pukkverk;33;239624;6591190
683;Nedre Espedalen massetak;33;-4508;6561214
684;Leite steinbrot;33;69909;6961142
686;Indre Harøy;33;91428;6997717
689;Solberg steinbrudd;33;254003;6985601
693;Asbøll grustak;33;236326;7017181
694;Gjølme pukkverk;33;240198;7029958
695;Nedre Forset;33;270858;7026286
703;Tjøstheim steinbrudd;33;-17842;6580574
704;Myklevika;33;451618;7560711
707;Førnes steinbrudd;33;449516;7346015
709;Vestre Dale;33;128128;6506890
710;Mårvik masseuttak;33;152582;6666629
714;Skofteland;33;49654;6465462
715;Nordre Kalberg massetak;33;-33276;6554223
716;Flatnes steinbrot;33;58467;6928018
717;Rogne massetak;33;187528;6785856
718;Klinga steintak;33;330488;7145843
722;Forset Øvre grustak & steinbrudd;33;270554;7026519
724;Skammestein fjelltak;33;177174;6799676
726;Namstad steinbrudd;33;409455;7198060
728;Standal;33;55234;6932543
730;Hovemoen grustak;33;252995;6786647
732;Stokkan grustak - gbnr. 72/1;33;262293;7016106
733;Fjerdingsbekkhaugen;33;172250;6749023
734;Grossmyra området;33;42244;6925654
736;Hartevatn industriområde - sørenden Hartevann;33;68898;6623441
740;Steinbrot Lie;33;87385;6826062
741;Maurset massetak;33;202652;6772505
742;Gravråk;33;261525;7022069
747;Huken pukk- og asfaltverk;33;269770;6655488
748;Hellestad Sandtak;33;165297;6603143
751;Hasle pukkverk;33;281495;6580457
752;Grasmo masseuttak;33;340780;6661222
755;Strendene steinbrudd;33;393210;7322470
757;Hanasand industriområde del I og II;33;-27759;6590049
759;Rudsbygd steinbrudd;33;249055;6791782
760;Sevatdalen grustak, Øya gbnr. 50/1;33;320326;6936923
762;Galsomælen grustak;33;735213;7750087
764;Mobakken grustak;33;232223;6999839
765;Nilshaugstranda Hemsil 1 Langeset;33;154813;6758628
768;Gunnildberget steinuttak;33;365790;7150032
770;Skurve - Gjesdal næringspark;33;-24145;6547077
775;Foss-Vatne massetak;33;-27499;6558596
779;Skriverøya steinbrudd;33;294271;6552219
780;Brekke stenbrudd;33;297484;6545784
781;Skutvikåsen, Vold;33;189540;6566466
782;Sarpsborg  Pukkverk;33;279109;6572537
783;Råde pukkverk;33;270031;6586691
787;Dal pukkverk;33;287996;6685728
790;Leirbakkelva massetak;33;430078;7156139
792;Rugsland;33;100529;6482269
793;Ulvedalen fjelltak;33;178221;6797633
795;Brynsåsen;33;298685;6744406
796;Strand steinbrudd;33;299596;6800355
798;Buin;33;180064;6701020
799;Kvisberglia - Steinbakken masseuttak;33;219786;6812340
802;Skaret massetak;33;181898;6717283
803;Knibe;33;70311;6462310
805;Tusten steinbrudd;33;105844;6982879
806;Østenstad;33;21686;6846126
807;Tjyvdalen / Domafjellet massetak;33;743539;7737655
808;Ydalir;33;314253;6755581
810;Massetak Ny Jord;33;85925;6989179
812;Slettmo masseuttak;33;203805;6863071
815;Mørkvollen massetak;33;167802;6695374
820;Rekefjord Vest;33;-11394;6498721
821;Stormoen øst;33;668457;7682066
823;Nausthaugen / Fautgården massetak;33;311428;7129957
824;Lykkja Sandtak;33;166675;6807061
825;Knaben Molybden;33;40851;6529367
828;Hals steinuttak;33;330689;7156921
829;Hverven Pukkverk;33;290818;6589578
831;Åssetra masseuttak;33;227308;6779762
834;Bolle;33;442421;7561679
836;Gangenes steinbrudd;33;-27871;6585632
837;Tronsjø grustak;33;279815;6904417
839;Kabberud grustak;33;337090;6673527
842;Andenes masseuttak (Vereidet);33;33338;6886304
843;Gjuvesæter masseuttak;33;202986;6752185
848;Andershågen;33;501563;7520694
849;Garrajokmoen massetak;33;814685;7767246
850;Østerhus massetak;33;13315;6607946
853;Barntjernmoen - gbnr 176/2;33;287987;6677481
855;Tømten fjelltak;33;268541;6761218
858;Masseuttak ved Strandavatnet (Vassenden);33;-11035;6837183
859;Gjermundnes masseuttak;33;99776;6967616
860;Duggurdshaugen;33;304611;7017571
861;Kjærstad massetak (Mosjøen flyplass);33;417995;7297274
863;Røe fjelltak, U26;33;181990;6786161
864;Oksfjorddalen grustak;33;746304;7760709
865;Senum;33;82382;6525053
868;Brattåsen massetak;33;499275;7604435
869;Opland Søndre;33;258541;7037580
872;Grasbott skiferbrudd;33;170693;6608930
873;Svingen pukkverk;33;287092;6560333
874;Vestre Spone;33;215130;6656358
881;Tomma steinbrudd;33;403546;7347524
882;Svarstad - Stryn pukk;33;60744;6890875
883;Ålmomoan grustak;33;381799;7128683
884;Dalen grus;33;257700;6799293
885;Freste pukkverk;33;234913;6584197
886;Åmland skiferbrudd - Ronny Olsen;33;101826;6466067
888;Holtamoan;33;192097;6999254
891;Ruskåsen;33;303741;6983967
892;Søndre Kalberg massetak;33;-33409;6553814
893;Strypadn masseuttak;33;195000;6794713
895;Sørli;33;293669;6732531
902;Hovden massetak;33;67105;6627180
906;Haavemoen massetak (Haave massetak);33;175986;6623404
907;Dalen massetak;33;-9161;6578927
908;Øverhagen / Hjelset;33;116837;6983643
912;Flatmoen grustak;33;146825;6876911
914;Knottbakkan;33;306235;7044762
915;Tandeskogen fjelltak;33;269130;6761747
920;Hembre masseuttak;33;306940;7042364
921;Bortstu Hornset grustak;33;296023;6857064
922;Søndre Storsjøen grustak;33;307298;6813796
924;Hovdefossen massetak;33;247403;6804242
925;Mysusmørbakken massetak (Jora grustak);33;192771;6898744
926;Kildalen grustak;33;734919;7744577
930;Kvennmyra steintak;33;433742;7149696
933;Skårild;33;219659;7036508
934;Bortstu Hornset torvuttak;33;296065;6858915
937;Sætergård;33;228584;7036111
938;Birkeland steinbrudd-Rotatjørna;33;-45855;6637577
939;Børkhågålia fjelltak;33;234469;6797976
940;Rudshøgda massetak;33;270346;6761560
944;Bruraholen massetak;33;-19181;6550423
948;Hæknemoen massetak;33;69947;6611111
949;Tukudalen massetak;33;203697;6669962
950;Vie sandtak;33;16379;6846121
951;Løset masseuttak (93/1);33;33604;6905488
952;Storlia masseuttak;33;155515;6998443
954;Samfjorden massetak;33;61806;6965940
956;Lida massetak;33;64824;6892838
962;Kjeldalen massetak;33;159579;6587606
964;Drevland massetak;33;414182;7314937
965;Enebo grustak;33;150707;6918207
968;Kippen steinbrudd -gbnr 9/12;33;177837;6672518
972;Spulsåsen;33;329562;6729466
976;Gjeslia steinbrudd;33;309287;6784997
977;Vetlehajen massetak (gbnr 14/1);33;80568;6774123
978;Skøyen og Rustad leiruttak;33;285993;6632717
981;Solligruva;33;644059;7674931
983;Goasholt steinbrudd - Tinne brudd;33;180057;6618257
986;Hoensmarka;33;213264;6638943
987;Tingberg Industriområde;33;253842;6800199
989;Glamsland sandtak;33;108260;6476136
990;Stenset grustak;33;209917;6640828
991;Krillåsen (Øvre Hoen grustak);33;212918;6637735
992;Filtvet;33;251829;6613676
993;Storsand;33;252153;6621548
994;Åros;33;245193;6626893
995;Kapstad  masseuttak;33;76;6840988
996;Øyer grustak ( Rabben );33;253320;6800997
998;Opofte steinbrudd;33;22411;6484462
1000;Storeidøya;33;440182;7557913
1004;Mosseporten pukkverk;33;256763;6596636
1007;Vister grustak;33;274444;6579628
1008;Borge pukkverk (også kalt Lindalen pukkverk);33;274696;6572847
1013;Brekka;33;310355;6579544
1015;Fladeby;33;311381;6568383
1023;Nordre Bøen;33;310565;6581108
1026;Fløvik grustak;33;310572;6589835
1027;Gjøngerud;33;310627;6590126
1030;Holo (Holaug pukkverk);33;307526;6603076
1040;Laugslet - Mona;33;292055;6609940
1043;Stikla;33;294202;6627305
1044;Skåruddalen steinuttak;33;278612;6610305
1050;Langebrekke grustak;33;292521;6609665
1051;Moen 508;33;303537;6607195
1055;Torkelsrud;33;285238;6607911
1063;Lundsbakken;33;292435;6584150
1067;Svarvermoen;33;290064;6583388
1071;Rygge Pukkverk;33;261233;6590570
1077;Armoen;33;297910;6653854
1078;Fet pukkverk (Gansdalen);33;289928;6644509
1083;Heier;33;284203;6628161
1091;Grefsrud;33;287796;6677592
1093;Hovinmoen;33;287228;6677166
1094;Ragje massetak - vest;33;-13739;6556133
1095;Vilberg - gbnr 177/2, 177/12, 177/30;33;286881;6678663
1096;Vilberg massetak (152/22, 177/5, 152/2);33;286596;6677564
1098;Vilbergveien;33;287016;6677208
1105;Herstua grustak;33;282727;6685760
1110;Oslo;33;272300;6655574
1114;Steinøye;33;153762;6866727
1115;Gropa massetak -Grorli;33;337240;6671025
1116;Karterud massetak (tidl. Høgemoen);33;353668;6660886
1122;Sagli;33;339567;6677729
1124;Siva - Kongsvinger;33;330769;6678019
1128;St.Olav;33;291961;6763606
1135;Elvestugua;33;286557;6771912
1136;Gammelskolla;33;275845;6797275
1137;Høyby massetak;33;283062;6761526
1139;Kittilåa;33;285122;6781947
1140;Kvitsand på Brøttum;33;256819;6774802
1142;Olshølen A;33;281607;6785804
1147;Steinbekken;33;281353;6773273
1152;Øvre Åstbru;33;275503;6796530
1153;Gryllingsætra;33;299980;6759727
1157;Granerud industriområde;33;311240;6702153
1169;Hesbøl;33;339416;6655192
1171;Ljøner;33;326556;6650459
1183;Velta (Flisbrua/Fløyta);33;351151;6726831
1186;Haugerberget;33;333765;6718844
1187;Salberget - Halvorsholtet;33;341355;6717713
1189;Gjerdrum fjelltak (Sletta);33;325200;6733473
1192;Hagen grustak;33;315195;6748765
1194;Engemoen;33;359589;6789648
1197;Sagnfossen/Sagnmoen;33;362869;6783162
1199;Tangådal grustak;33;382417;6805463
1216;Bjøråneset grustak;33;283170;6844718
1219;Enden grustak;33;248591;6859712
1231;Spjotsodd grustak;33;132252;6598624
1232;Rustdalen grustak;33;200898;6870561
1238;Svartmoegga grustak;33;293697;6873311
1239;Holmbuåsen;33;284315;6864689
1242;Hanestad fjelltak;33;281234;6856896
1243;Engerdalsveien;33;319643;6853498
1247;Otnes;33;297086;6852788
1248;Rådelsbekken. Forekomst 47;33;301211;6842019
1249;Sommerbrekka;33;288867;6878713
1250;Nedre Misteregga;33;301229;6846934
1251;Åkrestrømmen grustak;33;300487;6846506
1253;Seljås steinbrudd;33;126304;6536615
1256;Fonnåkroken massetak;33;341005;6841997
1261;Snerta nord;33;326428;6845120
1262;Ulvåmoen massetak;33;327456;6860280
1275;Kåsdalen;33;286768;6918919
1277;Brekka grustak;33;279733;6908351
1280;Geitryggen - Brødr. Harsjøen;33;279141;6908156
1286;Teldalen grustak;33;289032;6917998
1292;Kjølldalen-Brennbakkmoen-gbnr. 18/3;33;266747;6892267
1295;Slettmoan. Forekmst 7;33;269438;6895419
1301;Grimsbu grustak;33;249709;6900523
1304;Grimsmoen grustak;33;243617;6896480
1307;Moskardet fjelltak;33;254664;6905533
1320;S for Vingrom;33;253549;6775952
1321;Skikstad nedre;33;253984;6786255
1332;Ilka;33;199011;6882415
1333;Lie Grustak;33;192637;6894883
1334;Krekarbakken massetak - tidl. Rotvold;33;193514;6893438
1336;Sjåheimberget;33;146094;6922054
1340;Dalsiden, Sletthella;33;177160;6918992
1344;Kårbøseter;33;183265;6900482
1356;Framruste;33;126791;6888661
1358;Kjæstad grustak;33;142367;6882281
1371;Seberg, Gaupen;33;270818;6758413
1378;Tolstadmoen;33;201451;6865148
1379;Veomoen;33;183409;6849371
1390;Pillarguri skifer (pillarguri, skardet og lia);33;210141;6858562
1392;Åmotrønningen Vest (Hestmåna) (Åmodtmoen Sjoa);33;209088;6851405
1398;Kaurstad grustak;33;239080;6833220
1400;Mysmøregga;33;266001;6847602
1405;Svangen (Rollstulen skiferbrudd - Ytre Rollstulen);33;251862;6818503
1407;Akselsjøsætra;33;265823;6808317
1420;Smeligruva;33;232514;6802241
1434;Buhammer;33;252193;6697553
1438;Lygna Pukkverk (Kortungen);33;258875;6709110
1442;Tjernsrud grustak;33;240076;6718937
1458;Åmodttippen;33;232632;6772111
1460;Hesjebakken fjelltak;33;213323;6738740
1478;Ryggeberget steintak;33;206608;6778926
1486;Kalplassen-Nordaker;33;192882;6770808
1489;Tyrisholt;33;173910;6766368
1500;Kinnholt;33;171606;6772084
1504;Liastølane;33;168874;6788924
1509;Ryfoss Lomen ind.omr.;33;167541;6793541
1513;Ulven fjelltak (Hølli);33;177798;6782494
1514;Vikaeggen (Vikrudstølen V ,Vikastølen);33;174016;6785173
1522;Skredbergo;33;165835;6807226
1529;Oksedalen/Nordheim;33;119559;6506137
1535;Djupdalsmoen;33;220706;6691979
1536;Heen Grustak;33;236787;6684503
1537;Heen Sand - Hensmoen;33;235659;6686261
1539;Kilemoen;33;235289;6683222
1540;Lamoen;33;235886;6674158
1541;Prestmoen Grustak;33;234998;6675602
1545;Bye Grustak;33;235897;6670654
1550;Gulsvik Naturstein og massetak;33;199334;6707113
1553;Garnås (Dokkelve);33;173433;6736887
1556;Bergheim grustak;33;182696;6719080
1572;Nilshaugstranda (tidl kalt Langeseth);33;154952;6758690
1577;Trillhustippen;33;162007;6740774
1581;Hovet masseuttak;33;165297;6751578
1586;Horga steintipp;33;195814;6665205
1591;Redalen;33;208333;6683000
1593;Amundrud masseuttak (Djupgrop);33;215577;6658377
1595;Bøen Grustak;33;215516;6659931
1596;Kjemperud Grustak (før Kjølstadmoen);33;218828;6655833
1600;Langsrudåsen;33;213045;6672304
1604;Djupgrop masseuttak;33;215612;6658424
1605;Kløftefoss (Slettmoen);33;212635;6672328
1606;Komperud;33;215811;6653010
1607;Fukserud/Leversbyveien;33;214535;6647328
1613;Lyngås;33;233380;6640816
1617;Haugen;33;196184;6636921
1621;Sandbæk;33;195427;6643523
1622;Ramsrud - Svene;33;196081;6638722
1623;Åsland A og B;33;189596;6642923
1627;Fossan masseuttak;33;184360;6656159
1628;Gvammen masseuttak;33;176808;6670705
1637;Wårviken;33;181036;6667020
1641;Ødegården masseuttak gbnr 42/1 (Grønneflåta);33;154380;6697284
1644;Grønneflåta (Nørstebø);33;154534;6697531
1646;Solumåsen;33;235006;6600543
1647;Tyvika;33;148885;6946497
1650;Taranrød Pukkverk;33;232215;6583149
1651;Fokserød;33;226013;6569299
1661;Sønseth pukkverk;33;223427;6588749
1665;Nenseth;33;192598;6570972
1672;Lidalen;33;162981;6623982
1677;Hegna grustak (Ørvella);33;162645;6624317
1679;Vierød;33;200979;6578785
1680;Dåpan;33;205352;6577759
1681;Streket;33;205503;6577483
1683;Landmannsbukta;33;202177;6581492
1684;Kisteseter nord;33;204977;6581143
1685;Skytebanen ii;33;200977;6582550
1687;Toklev;33;197035;6591540
1688;Toa;33;197257;6593551
1689;Toatippen;33;196855;6592767
1690;Husmannsriset - Skotmyrane;33;202906;6586315
1692;Almedalen;33;196458;6589705
1694;Moan steinbrudd Skaugvoll II;33;459675;7430788
1707;Vågavannet;33;727399;7778749
1710;Lønne;33;169670;6541616
1713;Haug;33;154392;6566255
1732;Eikja grustak;33;162793;6604110
1735;Herremo Syd;33;153600;6603431
1736;Herremo;33;153014;6604119
1747;Kanalen v/ Mæl;33;153194;6659200
1749;Mårvik Grustak;33;152582;6666629
1750;Raje steinbrudd;33;157277;6672842
1751;Espeland grustak;33;149712;6666957
1754;Moen, Storekleiv hyttefelt;33;155980;6632800
1769;Grotnes;33;139452;6592698
1776;Stusstjønn;33;127030;6555587
1778;Treungen;33;130154;6559583
1779;Øverland;33;130190;6559707
1780;Molandsmoen (Sikvae);33;105150;6583462
1782;Snarteland;33;104894;6584151
1783;Dalen - Huvestad;33;102440;6610858
1794;Landvik Pukkverk;33;120776;6485503
1797;Klodeborg Pukkverk;33;133508;6496302
1798;Moreina;33;152320;6544691
1799;Fardalsmoen / Våle;33;152692;6546076
1803;Høigilt;33;101114;6482463
1804;Storemo gbnr 32/15-16;33;101086;6484747
1805;Kvernhusmoen;33;101353;6482791
1809;Gjøvland;33;124022;6535866
1812;Seljås;33;126563;6537333
1814;Ståa, Seljås;33;125998;6536856
1823;Kjetså;33;76566;6512243
1827;Syrtveitmoen;33;82471;6521439
1830;Ellingstjønn, Bjånes;33;81660;6547490
1834;Hekni;33;72947;6566342
1839;Nord for Sordal;33;73577;6561523
1848;Sundet;33;80933;6548214
1851;Sør om Sandnes;33;81159;6550141
1855;Kåvenes (Upstad);33;71987;6578667
1873;Kongsgårdbukta;33;90686;6467646
1874;Jåbekk;33;58397;6456197
1876;Frestadmona gård;33;13654;6472742
1880;Røssevika;33;12538;6469649
1883;Trøngsla;33;14384;6491196
1884;Rannestad;33;13969;6506874
1886;Støleheia;33;83247;6479483
1887;Mjåvann pukkverk;33;80761;6466694
1889;Sveinall;33;59164;6482486
1891;Nome massetak;33;63016;6469616
1893;Ljosland - Kleivekrønan;33;58871;6539463
1894;Smeland sandtak;33;62836;6527256
1895;Tjaldal;33;66306;6541668
1904;Midtbø;33;55227;6490853
1907;Hausvik industriområde;33;27899;6462235
1908;Egeland sandtak;33;27970;6490640
1912;Lisemyr - Fintlandsmoen;33;20654;6533380
1915;Skaret masseuttak, Suleskard;33;40838;6569967
1922;Gjermestadknuten;33;-27679;6520627
1935;Hogstad steinbrudd;33;-27324;6563763
1943;Skåland masseuttak;33;6894;6506440
1944;Ollestad 1;33;-1413;6520020
1946;Skjeggestad;33;5143;6514589
1951;Årdalen;33;5988;6520140
1955;Espeland;33;-8279;6542737
1958;Storemo - gbnr 32/6;33;101003;6484935
1960;Lille Svela sandtak;33;-18468;6532574
1962;Ørsdalen 624;33;-1009;6534786
1963;Varden - Ogna steinbrudd;33;-35951;6525131
1967;Friestad;33;-39537;6527302
1968;Horpestad  nord;33;-45324;6549600
1977;Kartavoll;33;-30834;6535695
1985;Sæland massetak;33;-31336;6545717
1989;Øvrekluge;33;-24493;6549361
1990;Oltedal;33;-17199;6554805
2000;Holane Bjørheimsbygd;33;-12543;6582115
2013;Birkeland;33;15591;6644633
2020;Hiksdal;33;-14714;6644854
2023;Arna Steinknuseverk;33;-25762;6741483
2027;Stendafjellet;33;-33349;6722296
2032;Hinderli;33;-41371;6641552
2037;Teigland;33;-27903;6694966
2042;Sollesnes skiferbrudd;33;18510;6717129
2047;Eikhovden - Espelandsdalen;33;54221;6745442
2058;Haukeli  steinbrot;33;17158;6728317
2060;Dale 1;33;-13425;6719958
2061;Vinnesbruddet;33;-20163;6705115
2066;Våge;33;-16961;6724914
2067;Ådnadalen;33;-30321;6710904
2079;Hjertås;33;-40766;6751450
2091;Fruli / Hillestadstølen;33;85210;6824593
2092;Vestre Kletten Varlid;33;-32517;6830310
2096;Løkenvangen;33;290528;6686791
2100;Framfjord - Vabergane;33;35515;6794412
2105;Sværefjorden;33;45728;6822279
2118;Ljøsne;33;101394;6790688
2124;Moa materialtak;33;116272;6819023
2127;Gaupne (Høgemoen 2);33;87420;6834073
2132;Bøvra elv (Sulheim knuseplass);33;152214;6865328
2133;Reiarmoen;33;87163;6836388
2140;Bjønnamoen massetak (Bjørnamoen massetak) (grustak);33;374922;7186137
2147;Løfall;33;7875;6832585
2148;Årbergsdalen masseuttak (Løfall);33;8458;6830975
2154;Nesbakkane;33;24904;6848398
2156;Havstad / Førde;33;14324;6846736
2168;Smørhamn;33;-28775;6890817
2169;Allmenningsfjellet massetak;33;-13404;6904201
2171;Smyskorane;33;-12836;6904428
2174;Borgunvåg;33;-4075;6928616
2177;Lund;33;12235;6899552
2179;Norsmona;33;34013;6896496
2183;Kjøs;33;54604;6896518
2186;Lakshammertunnelen;33;21045;6875969
2191;Brynestad masseuttak;33;69696;6881851
2202;Moldreim;33;45385;6885517
2206;Sandnes;33;69960;6878112
2213;Øvreeid;33;71631;6892874
2214;Øvreeide;33;71901;6893047
2217;Øvre Istad;33;129107;6985866
2224;Røda;33;17489;6920682
2230;Småstranda;33;6059;6917453
2234;Sætrevika;33;5515;6931966
2239;Småstranda;33;21576;6947230
2240;Ulstein Knuseverk, Kvalneset, Haddal;33;26036;6941317
2242;Hjørungavåg;33;36302;6952209
2245;Alida;33;31856;6928081
2246;Skinvik, Austefjorden;33;46044;6911564
2252;Gausnes steinbrudd (Gausneset) (Sjøholt pukkverk);33;77161;6952314
2254;Syltemoa;33;99210;6932024
2255;Opshaug-Stranda;33;84687;6930902
2264;Andestad pukkverk;33;70268;6948420
2265;Hundeidvik, 6224;33;57344;6944391
2266;Riksheim;33;64210;6942303
2273;Horgheim;33;129115;6947307
2274;Isfjorden massetak (Høgholen);33;132985;6957203
2276;Breihjellen;33;116980;6949774
2279;Veblungsnes;33;123241;6957150
2280;Fredsvik sandtak;33;155937;6979484
2284;Nautnes;33;88086;6990624
2286;Sande Grusttak - Malme;33;104320;6987223
2288;Bruhagen Industripark(Mulig duplikat med 498);33;129773;7012757
2296;Stormælen;33;168951;6963209
2299;Hårstad Grustak;33;168811;6963014
2300;Smestad Grustak gbnr. 65/1;33;163685;6967345
2305;Kvammen massetak;33;201948;7001588
2309;Talgø;33;184259;6977299
2310;Aasgård sandtak, gbnr. 88/2, 88/2-2, 88/2-3;33;171229;7003977
2311;Oppsjøtippen;33;150422;6739988
2312;Saga;33;84234;6511339
2321;Hestnesdal;33;173792;7015421
2323;Stokkjølen;33;176543;7019823
2329;Gangåsen;33;185074;7045060
2382;Neverlia;33;204229;7062036
2386;Åremmen;33;240951;7060259
2388;Finlia;33;272004;7075611
2400;Skola;33;265649;7103578
2404;Sessmoen;33;223278;6946477
2405;Svahøa;33;218376;6968337
2409;Skamfærseter;33;246012;6972563
2414;Koltjønna;33;253336;6995469
2415;Løkken pukkverk (Moshaugen);33;230396;7011178
2419;Rundmyra Grustak;33;228913;7005198
2421;Solem (Moen);33;227792;7005829
2425;By (Garberg);33;237285;7020879
2443;Folstad;33;263373;6997743
2449;Fremo grustak;33;267081;7016743
2450;Reitan grustak - Fremo;33;267860;7017105
2451;Kneppet grustak - Fremo;33;269989;7019264
2453;Høgmælan;33;260991;7021417
2459;Søberg grustak - Anleggsgrus;33;263659;7022874
2468;Grøtem;33;295580;7020596
2475;Julskaret;33;296785;7006534
2481;Rollset grustak;33;308293;7012050
2504;Svarthølvika;33;341978;6977964
2509;Bruem;33;333567;7101508
2510;Vive steinbrudd;33;333156;7103638
2513;Gaulstad;33;358375;7098190
2514;Gladsjø nordre søndre;33;321104;7117568
2515;Holt grustak;33;317948;7118484
2516;Nordtuvgruva (tidl. Jådåren);33;326952;7112822
2517;Lerkehaug - Steinkjer Pukkverk gbnr: 97/63;33;328872;7100233
2518;Melgårdsmyra;33;327172;7092357
2520;Okstad 2;33;335616;7096305
2521;Røsegg grustak;33;328595;7112809
2527;Støa;33;340551;7102517
2528;Svedjan grustak;33;345375;7099625
2529;Søråsen;33;317527;7117201
2545;Egga grustak / Tømmeråsegga;33;336772;7035260
2555;Sneiåsen;33;343448;7031647
2557;Teveldalen;33;351150;7026980
2560;Øyan Steinbrudd;33;340963;7030737
2573;Tylda;33;314783;7048229
2575;Østerås;33;317487;7044317
2576;Aunsjøen;33;295493;7059442
2611;Melby masseuttak (Sundby);33;333613;7075508
2629;Stene sandtak;33;332591;7078411
2647;Taraldsgården;33;298046;7074186
2648;Tjuvholet;33;296064;7084441
2668;Hall;33;318037;7089978
2670;Raastad steinbrudd;33;314779;7091005
2673;Stokkan Steinbrudd;33;308845;7089592
2675;Kjenstad steinbrudd;33;371846;7119629
2676;Kleiv;33;367927;7120928
2679;Kleivmoen;33;367686;7121166
2686;Almo Grustak;33;381825;7129254
2687;Øydingen skiferbrudd (tidl.: Storøyningen);33;387328;7120281
2688;Strindmoen steinbrudd;33;357285;7119453
2689;Vågskorsvollan på Snåsaheia v/ E6;33;371578;7134062
2690;Brønstad (tidl. Estil grustak);33;444684;7123921
2696;Nesset;33;428544;7146761
2697;Sørsætran;33;424046;7147538
2702;Tunnsjø massetak;33;436425;7170349
2718;Løvmoen;33;418904;7213306
2719;Namstad;33;408774;7197390
2722;Trones (Tronesmoan);33;397224;7180481
2724;Bjørgan grustak;33;371583;7143925
2726;Steinsåa grustak;33;370729;7152204
2728;Bjørnes grustak gbnr 54/3, 54/5, 53/2 (Fallgruva);33;356464;7158056
2733;Hundsmoen 1;33;356557;7153681
2734;Klykken;33;357175;7151351
2740;Aunet;33;322131;7171467
2746;Bjønnahaugen;33;300909;7140786
2749;Ryem steinbrudd (Namdal pukkverk);33;319485;7197552
2752;Marøya steinbrudd;33;322008;7197397
2753;Brodd;33;344352;7223193
2763;Kvikstad grustak;33;497928;7456819
2765;Beisfjord masseuttak;33;607515;7584585
2772;Prestjorddalen;33;605133;7609642
2775;Brevika;33;370129;7217490
2778;Lysfjord;33;363485;7222909
2784;Akset;33;386060;7253938
2795;Hamn Grustak;33;377070;7286028
2814;Ravnågmoen (Høgmoen/Geitåsen);33;419760;7287909
2815;Stormoen;33;417706;7286966
2821;Grane steinbrudd - Fellingfors;33;426642;7270731
2824;Laksforsmo (gbnr 39/1);33;421302;7278132
2827;Sagarmo;33;438438;7257410
2828;Sefrivatn steinbrudd;33;422194;7236558
2830;Strendene;33;426048;7257781
2840;Ivarrud;33;452612;7255336
2850;Villmoen;33;455847;7275160
2853;Langberget;33;411105;7342210
2856;Boldermoen (Bjuråmoen);33;447707;7323381
2866;Villmoen;33;446740;7327359
2867;Altermark grustak;33;454531;7356536
2869;Langvasshei;33;467845;7361156
2896;Skysselvik massetak;33;518150;7458436
2901;Kjølåsen-Leinesfjord;33;501853;7516636
2911;Fiskefjorden;33;544815;7605373
2914;Straumsneset;33;559529;7600131
2929;Flakstadtind;33;429062;7555190
2945;Lilleeidet - Tussan;33;439585;7560671
2949;Nykmark;33;447848;7566562
2955;Tangstad steinbrudd;33;443005;7570248
2957;Nedre Voll;33;445131;7565021
2970;Bergvik masseuttak;33;493375;7605885
2971;Haugamyran;33;263313;7080090
2973;Grunnfør;33;481646;7588854
2983;Minneåsen;33;503227;7646271
2984;Staven steinbrudd;33;503156;7639767
2986;Kjerringnes grustak;33;520597;7616577
2987;Kringelen steinbrudd;33;518502;7623359
2997;Blomjoten masseuttak;33;561482;7622847
2999;Grønnbakken grustak;33;558335;7633953
3000;Maritlia;33;551105;7638854
3007;Tønsvika;33;661074;7741824
3012;Vebostadsetra;33;545890;7625421
3017;Jevningen;33;635478;7645795
3020;Rørbakken, Bakkemo;33;610725;7653220
3023;Bakkehaug massetak;33;655209;7661774
3024;Berg steinbrudd  - gbnr 57/10;33;642139;7672386
3037;Moenggruva;33;664615;7644138
3044;Rognmogruva;33;646486;7666303
3045;Sandbakken;33;639737;7675834
3046;Øvermoen (Nermoen);33;626491;7670168
3049;Nermoen;33;627584;7670500
3053;Sørreisa pukk - Øyjordneset;33;625250;7675136
3062;Olaheimen;33;582205;7667823
3070;Torskenskaret;33;583058;7695115
3079;Botnhågen - Finnfjordbotn;33;623313;7683465
3081;Ansnes;33;634967;7715225
3095;Bårbakken gbnr 52/6;33;696900;7688398
3109;Tørfosskogen/Elv Einevoll;33;742041;7742481
3120;Kramvika i Kiberg;33;1093004;7875032
3126;Bjørnstad, Tverrelvdalen;33;825764;7779954
3141;Risdalen - Hasvik havn;33;765428;7838797
3166;Jergul;33;876889;7728397
3172;Øynaheia;33;118862;6502475
3186;Øvre Viddis;33;950178;7805611
3187;Gandvik;33;1034614;7828905
3198;Aga steinbrot;33;37192;6715195
3210;Fardalsmoen;33;152757;6545987
3216;Bottum/Bottom;33;253097;6791438
3227;Bergheim - gbnr 215/1;33;203414;6863400
3228;Tørrmoen masseuttak;33;310351;6650774
3232;Mellomseter fjelltak M2;33;196087;6701258
3235;Isakdalen;33;356342;7154150
3249;Silobakken grusuttak;33;713942;7696385
3251;Bryggeså - Eikås sagbruk;33;43863;6510593
3262;Figgjo;33;-30165;6553135
3270;Berg og Dahl massetak;33;239468;6789355
3273;Korsegga grustak;33;307501;6934352
3274;Veråjordet / Verjåa Grustak;33;306532;6934450
3275;Henningsegga Grustak;33;300519;6936950
3277;Djupdalen massetak;33;339650;6846713
3280;Kvenndalen;33;232946;6978040
3285;Gismarvik;33;-44436;6613191
3287;Bukkhammeren steinbrudd;33;279905;6908869
3288;Hellebrudd Kverve - Veråsen;33;124775;6511267
3290;Studedalen;33;98601;6471244
3306;Kvalbein brudd (Friestad);33;-39380;6526989
3310;Valevåg;33;-33867;6657439
3314;Tveit/Ullestad masseuttak (Tveit aust);33;813;6587180
3315;Øvre Valheim;33;221;6587885
3318;Uleberg massetak - gbnr 8/4;33;75772;6517969
3324;Stokkeland;33;91450;6968991
3337;Kleivhammar (Vrådal);33;131366;6591497
3339;Strokstensåsen massetak;33;332396;6996967
3350;Butjern fjelltak;33;313929;6601049
3352;Evenbyåsen;33;303879;6624958
3356;Tveit grus og massetak;33;146205;6574551
3358;Stoa vest masseuttak;33;132860;6497491
3364;Dale 2;33;-13279;6719990
3365;Dale 3;33;-12866;6720207
3366;Hoemsneset;33;97730;6990925
3367;Hustad-ura;33;519681;7582729
3368;Øygårdsrapet/Lødingenrapet;33;538579;7587849
3369;Tussanfjæra;33;439577;7560907
3370;Lilleeidet - Rasmussen Anlegg;33;439349;7559034
3372;Tykkeriset;33;310817;6786351
3376;Hegglia pukkverk;33;246911;7023051
3377;Tyttebærvika massetak - I1/I2 - se også obj.nr. 826;33;692833;7729134
3380;Eikeland steinbrudd;33;-12673;6538107
3381;Birkeland steinbrudd;33;-17095;6542414
3382;Møn stein- og masseuttak;33;37806;6751290
3390;Dalen Pukkverk;33;316537;7134148
3392;Haugedal;33;62987;6485791
3393;Masseuttak Ruskåsveien;33;326973;6997926
3398;Gagnat;33;147430;6995538
3400;Stormoen (Sætervang);33;667787;7681766
3408;Søndre Risteigen;33;176656;6669839
3412;Åse i Indrefjorden;33;34455;6793884
3413;Stokkosen;33;136340;6575078
3414;Garastølen;33;214331;6770425
3417;Raudberget Hemsedal;33;158306;6756814
3419;Grasåsen;33;148599;6642202
3424;Narsætra;33;306402;6758802
3425;Høvåg Hellebrudd - Åmland;33;101865;6466190
3433;Gjermundnes masseuttak (Natursteinpartner);33;99776;6967616
3436;Mjåvatn steinbrudd;33;120653;6506854
3440;Straumsengbakken - Auma steinbrudd;33;273359;6907201
3446;Lofthus masseuttak og steinbrudd;33;172698;6675305
3448;Kulu steinuttak;33;147642;6736203
3449;Torpo masseuttak;33;155434;6741131
3455;Østheim;33;315849;7042025
3460;Kleppstad;33;470110;7572039
3461;Bakkeberget masseuttak;33;297506;6728028
3470;Namstad grus;33;408799;7197381
3472;Moen steintak;33;381434;7165045
3473;Steinbrudd Finesåsen (Fines fjelltak);33;283019;7082294
3476;Stenersen massetak;33;258433;6708570
3478;Dokkedalen masseuttak;33;203820;6753498
3479;Gjefle skog;33;231860;6760118
3480;Steinsvatnet/Rosaberget;33;183115;7078989
3488;Graneng grustak;33;278520;6916102
3489;Lundesæter steinuttak;33;350306;6687312
3490;Grinder;33;337664;6698404
3491;Svartmoen steinbrudd;33;11465;6738617
3492;Ryddøla;33;202746;6878862
3493;Lordalen grustak gbnr. 157/1;33;167925;6903471
3494;Lindviksgruva (Linviksknappen);33;242600;6815353
3496;Dokkfløytippen;33;229362;6782379
3497;Esbjerg;33;225562;6755530
3500;Myreng - Husalie;33;208634;6766479
3506;Lille Høyheim;33;93624;6830771
3507;Sunde;33;46948;6853124
3512;Lauvåsfeltet;33;220879;6853927
3513;Lo-uttaket;33;220022;6840055
3514;Evertmoen steinbrudd;33;607936;7664556
3517;Tangeråsen;33;340474;7103288
3520;Botnberget (Aspneset);33;433550;7130446
3526;Bankaren;33;192036;6997914
3528;Ramsberglia;33;133005;7002200
3531;Bjorsåte massuttak;33;179199;6668534
3532;Saghøgda;33;155350;6992232
3540;Tvedalen;33;204728;6555889
3541;Maskinførerskolen - Bufjell;33;509263;7628280
3542;Heggdalane, gbnr 18/3;33;61676;6812075
3543;Hagskaret;33;400458;7508002
3544;Gjerdbakken;33;402865;7509583
3546;Høgseter;33;206997;6865919
3551;Hyttatippen;33;166363;6700171
3553;Vang;33;327099;7069812
3557;Risberget massetak;33;341859;6748763
3561;Kvæstad;33;12412;6622244
3563;Ådalen grustak;33;279572;6900860
3564;Estensmoen grustak;33;262384;6935301
3567;Løvåsen;33;289254;7059999
3568;Øldalen (Nedre);33;218918;6843099
3569;Storhauggruva gbnr 26/1;33;646139;7665898
3570;Sembshagen;33;260849;6768798
3573;Stormoen avfallssenter;33;668062;7682234
3574;Skipavika Næringspark;33;-40137;6787864
3578;Sveindal industriområde;33;61350;6505827
3579;Somma masseuttak;33;234434;6697305
3581;Ekeberget 51/11;33;339648;6656013
3583;Ekeberget 51/4;33;340170;6656509
3584;Ekeberget 51/1 m. fl;33;339661;6656111
3587;Våddånesset;33;226416;7033022
3589;Ravlo masseuttak;33;328721;7072340
3592;Valørholtet steinbrudd;33;625508;7640842
3600;Bugten sandtak;33;192863;6571032
3602;Alida 2;33;31871;6928240
3603;Skogberget fjelltak;33;301590;6846289
3605;Vuku steinbrudd;33;337758;7076779
3607;Toverud pukk og deponi;33;239684;6652064
3608;Fenes;33;564501;7649267
3609;Kverneland Industriområde;33;-36236;6553143
3610;Vælerenveien gbnr 248/77;33;225909;6672822
3611;Grønbogen steinbrudd;33;192419;6900698
3612;Troholten grustak;33;427839;7268115
3618;Hovland industriområde;33;-26063;6512959
3620;Treskeia grustak;33;309524;6940710
3621;Nordland masseuttak;33;-20402;6556864
3622;Fossøya;33;203286;6832808
3626;Fikkjebakke;33;168151;6543072
3627;Masseuttak gbnr 62/27;33;416571;7207357
3629;Gullmoen grustak;33;422791;7324228
3630;Møen (nord);33;37793;6751849
3631;Rosten Masseuttak;33;206064;6874366
3632;Brenna;33;604659;7602145
3633;Murtnes masseuttak;33;303856;6586587
3634;Åmbø Massetak/deponi;33;42761;6925026
3637;Sørenebo nordre;33;152694;6918228
3638;Ekre Masseuttak gbnr 183/18;33;199494;6859832
3639;Mørreura (Råkheian) - gbnr. 46/3;33;266349;7096519
3640;Lauareid næringsområde;33;1643;6654697
3642;Kåsa i Storlidalen;33;200086;6963990
3643;Lomoen, Område 3;33;219974;6839774
3644;Åsskardhaugan steinbrudd gbnr. 88/2, 88/2-2, 88/2-3;33;168381;7004763
3660;Gubbeskallen;33;321587;6669757
3667;Bøndergjerde (Ellingsgarden);33;90387;6962317
3668;Fagerlia;33;335649;7040999
3669;Stensåsen - Skogsbygda;33;311854;6738421
3670;Kjevikadalen;33;-31557;6763688
3671;Oksneset;33;-53639;6756685
3672;Eide;33;-51303;6736435
3674;Beinmyr;33;84492;6506615
3675;Smenelia;33;84250;6516359
3676;Heggvollan masseuttak;33;224499;6949232
3678;Smyskorane syd;33;-12836;6904428
3680;Eidsnes;33;-22523;6756247
3690;Vilberg 177/12;33;287097;6677684
3691;Aspås steinbrudd;33;146311;6992954
3693;Skjærberget massetak;33;354452;6723048
3694;Tagli massetak;33;24872;6509689
3695;Espset;33;169578;7031721
3696;Lergruvbakken fjelluttak;33;312166;6951824
3697;Ryseteråsen grustak;33;281402;6929015
3698;Hestbrinken;33;517545;7410332
3699;Øveråslia;33;89710;6970712
3700;Åsstad masseuttak;33;194720;6872991
3703;Enger Østre;33;238635;6649746
3705;Uvdal gbnr 39/2;33;153387;6697406
3706;Breivika - v Kvernhuselva;33;370039;7217272
3707;Skoganvarre / Øvrevann;33;886743;7779582
3711;Englandsbakken;33;-32800;6840806
3714;Fellesteigen - Benkedrivar Jan Olav Grevle;33;37200;6756645
3715;Lisebetberget, Skatval;33;293975;7049677
3716;Fiksdal skiferbrudd gbnr. 152/1;33;257518;7073630
3717;Rauland mellem - gbnr 39/1;33;153568;6697507
3722;Bergmoen - 152/38;33;285820;6677736
3725;Ulvberget fjelluttak;33;286766;6834985
3726;Lunden Sandtak;33;117230;6486549
3728;Klype massetak;33;138141;6756689
3731;Singsås gbnr 230/28;33;28549;6986991
3732;Moen steinbrudd + Moen massetak gbnr 232/1, 241/1, 75/1, 219/1, 225/1, 231/4;33;233822;6954733
3736;Solbu gbnr 49/1;33;238524;7019688
3737;Kippen steinbrudd;33;186235;6647374
3741;Bjarne Haugstad;33;59310;6521277
3742;Uttak på Tautra, gbnr. 83/3;33;281366;7056677
3745;Dollhus;33;197883;6702369
3746;Bru;33;-36350;6525449
3747;Tunsbergdalsdammen;33;86123;6839167
3749;Hetland (gnr/bnr 115/1);33;-35948;6530137
3750;Løvikneset;33;-26783;6895888
3758;Bjonskog massetak;33;236318;6713618
